id,customer_id,amount,product_category,discount_tag,purchased_during_campaign,purchased_at
2e13e09b-ca80-46e7-974e-3359051b09c4,3214bf62-64ef-47bb-b6e4-2841c2b962f9,13505,Kurta,none,false,2026-04-22T18:45:46Z
89cad59c-0e64-410d-83c8-23e4cd1dd1fb,7e70d140-9314-496c-a138-a6692d89101e,6416,Western,none,false,2025-03-16T22:57:00Z
02409b42-2f9f-4b35-8d6e-fcf440e8af92,7e70d140-9314-496c-a138-a6692d89101e,5685,Kurta,festive,true,2025-10-01T10:41:05Z
c39866a2-3492-43ef-978a-dc8c66d85422,7e70d140-9314-496c-a138-a6692d89101e,2662,Ethnic Fusion,none,false,2025-10-07T19:34:54Z
9c5e9646-4911-439c-a140-c39e79588107,508b8bc9-ca8b-47f5-98d1-512c1961ddd7,12996,Accessories,none,false,2025-11-05T12:04:04Z
b72ec4b8-3411-428e-953e-a7f9d6487452,508b8bc9-ca8b-47f5-98d1-512c1961ddd7,8217,Western,sale,true,2026-04-09T03:39:41Z
b98c443d-7b4e-4262-b8e6-f43f1315eae0,99bd1b9a-5f75-4ca1-b462-5d3e842cca53,773,Accessories,sale,true,2025-05-22T10:52:39Z
f474e0e9-ed18-4de1-acc3-0de7edec6893,91189592-8c4a-4e65-b3ec-ea4b12d35357,7020,Western,clearance,true,2026-03-05T21:13:51Z
8b782fe9-e191-4879-bc9d-da0e06240efc,91189592-8c4a-4e65-b3ec-ea4b12d35357,8800,Kurta,clearance,true,2026-04-05T19:36:21Z
a9ae3a7c-1a7d-4136-8217-7426b675e3ae,17181874-8f79-44f4-9488-1e8863b2adcb,1869,Ethnic Fusion,sale,true,2025-08-18T11:42:21Z
d8f8174c-d490-490f-81b9-354d02e793ed,17181874-8f79-44f4-9488-1e8863b2adcb,5577,Western,none,false,2026-02-01T03:24:57Z
d33b444b-ac5f-43d3-a7aa-251d33ea0f1c,17181874-8f79-44f4-9488-1e8863b2adcb,1794,Western,none,false,2026-04-05T23:30:17Z
518ee828-3417-4234-8ed1-3cc291490180,a53242b1-a95f-4680-90ea-3e46fd4f0a77,7667,Accessories,sale,true,2025-08-03T23:25:50Z
f98f71b5-d4cb-41b3-84c3-8f9c8152d70a,a53242b1-a95f-4680-90ea-3e46fd4f0a77,12459,Kurta,sale,true,2025-12-01T15:11:52Z
f9c64de2-8f92-45bc-811b-8794c5a982e9,a53242b1-a95f-4680-90ea-3e46fd4f0a77,14368,Kurta,sale,true,2026-05-09T17:08:04Z
052b11cc-f886-4156-8b0b-4e728408ebde,a53242b1-a95f-4680-90ea-3e46fd4f0a77,4409,Western,none,false,2026-05-24T12:49:51Z
0371be38-be7f-43b2-a8a5-99c39af2e234,dad5701d-e2f5-4309-aeb4-421d8f286aad,1401,Kurta,none,false,2025-08-26T16:41:23Z
267d8313-42ee-4190-afbb-2d8ebf3cf1da,dad5701d-e2f5-4309-aeb4-421d8f286aad,5567,Accessories,sale,true,2026-05-15T14:35:44Z
fa3cc1f6-bfe4-46bc-89b7-aba8d8a36bca,097d765e-9237-488e-9e23-6fa549d2bfdf,685,Kurta,none,false,2026-03-19T03:27:13Z
8545f804-f2b7-4761-b2e1-09209605cd7b,097d765e-9237-488e-9e23-6fa549d2bfdf,3184,Ethnic Fusion,none,false,2026-04-13T12:30:24Z
b9f723bb-ca9f-45df-83b2-3c8b4d4c43c7,6ed52ba3-63c1-416c-af95-f7971e1f9b35,8974,Western,none,false,2026-05-09T09:21:55Z
8c8bc084-cfe6-459c-bcc8-d5f2696970ff,f49d4908-2612-4056-9543-5c77a5ea7325,14810,Ethnic Fusion,none,false,2026-01-25T18:30:49Z
35713bb3-029c-4a3b-b8a3-5b6ddfc43f55,f49d4908-2612-4056-9543-5c77a5ea7325,4903,Kurta,sale,true,2026-04-07T15:23:44Z
b775a4c3-69fd-4fc3-beb5-30b7eb123b83,5fef6ee9-bc11-46e5-a4e1-85b5eef4214c,8628,Kurta,none,false,2023-09-09T05:40:13Z
a172ef9e-510a-4dd5-a057-49ceabceb0aa,5fef6ee9-bc11-46e5-a4e1-85b5eef4214c,7957,Western,clearance,true,2023-11-17T03:10:01Z
bf067739-f3a7-4a51-b250-251bcee56fdc,5fef6ee9-bc11-46e5-a4e1-85b5eef4214c,8868,Western,sale,true,2024-12-21T07:01:24Z
bdaeec68-673e-45ac-b093-4f6391370efe,df00be97-39cd-45eb-ab7a-bd4505e5f4e7,2389,Ethnic Fusion,sale,true,2025-01-05T21:07:11Z
81d01789-389d-4e9e-995a-d23f09bcba10,df00be97-39cd-45eb-ab7a-bd4505e5f4e7,4242,Western,festive,true,2025-08-30T12:51:21Z
8298121b-c1fa-402c-b0a4-6aa6fa4ca031,df00be97-39cd-45eb-ab7a-bd4505e5f4e7,12636,Western,sale,true,2026-04-09T02:10:25Z
e75551d0-af59-4fb9-a0cf-9a774cc35d20,536af132-c14a-4ca3-8b2e-b3f8741a092a,6463,Kurta,none,false,2026-01-14T04:21:10Z
a8fcb237-a180-4720-a1bc-09713af040d4,536af132-c14a-4ca3-8b2e-b3f8741a092a,6774,Accessories,none,false,2026-04-23T14:44:11Z
44e99ca7-7e68-4869-a98a-6e9320cc5e9d,9fb6aade-e0d6-4d0d-84ed-5bcf148d33e8,12198,Kurta,none,false,2025-03-01T11:04:59Z
564e1794-c769-48d3-96f8-7b1a8e918d5e,9fb6aade-e0d6-4d0d-84ed-5bcf148d33e8,12635,Accessories,festive,true,2026-04-11T11:43:21Z
b3ff5346-9c92-4b7c-9ca2-3169e51060a2,692872a7-4e37-40d4-ad5b-2752f2e2b350,4944,Western,none,false,2026-03-06T05:37:04Z
d64b1791-57ac-4d14-83bb-ddd1471782da,692872a7-4e37-40d4-ad5b-2752f2e2b350,14033,Kurta,sale,true,2026-04-10T22:23:13Z
c8932826-fb9f-4336-adb1-2be1abffb562,9af4dbc4-5ecd-4036-a169-df148f55ca54,14689,Kurta,none,false,2025-12-04T10:05:58Z
f3ae7af4-740f-4295-b1ee-301832ce5423,9af4dbc4-5ecd-4036-a169-df148f55ca54,5125,Ethnic Fusion,none,false,2026-01-30T16:31:53Z
785c6120-e33c-4942-8b67-1e29feb3bec0,9af4dbc4-5ecd-4036-a169-df148f55ca54,13173,Kurta,none,false,2026-03-10T06:40:12Z
d5a88ab5-b7d4-4f97-9a10-0dc5cefe8213,9af4dbc4-5ecd-4036-a169-df148f55ca54,14341,Kurta,festive,true,2026-04-15T22:33:17Z
6c9a11ee-6069-48e0-8779-2f51613d1d59,e8f34dfe-1b79-4452-89db-a5abd42bf75f,4474,Kurta,none,false,2025-09-05T08:25:44Z
fd1d3945-6b8a-4baf-b5a4-a42603af2bcd,e8f34dfe-1b79-4452-89db-a5abd42bf75f,8100,Western,sale,true,2025-09-11T19:10:53Z
c3eb7800-eec4-433f-8aa9-d52bb21b6a74,e8f34dfe-1b79-4452-89db-a5abd42bf75f,6533,Western,sale,true,2026-04-03T09:19:25Z
36f0849f-1e58-4499-a606-e65325a19eae,122fa6ca-dd60-49cd-88f2-a8ba526ac641,9372,Accessories,sale,true,2025-11-28T01:40:00Z
328911dc-616d-4a76-ab1d-5a244ae73e00,122fa6ca-dd60-49cd-88f2-a8ba526ac641,6175,Ethnic Fusion,none,false,2026-01-05T06:10:16Z
de8a1e98-5a7a-41f0-a9f8-fca890d1388d,122fa6ca-dd60-49cd-88f2-a8ba526ac641,10919,Ethnic Fusion,clearance,true,2026-06-01T21:34:57Z
34a79035-fc55-4546-9143-dc952fc8dae1,122fa6ca-dd60-49cd-88f2-a8ba526ac641,14255,Western,none,false,2026-06-05T01:32:55Z
1f329b70-75ff-49d9-a024-25fda0df1baa,a5afd662-3a41-43a9-9d1e-c7c2e6cf9409,4402,Kurta,sale,true,2025-03-27T21:35:05Z
f823d6d4-2780-4622-b483-d47f9b763687,a5afd662-3a41-43a9-9d1e-c7c2e6cf9409,7378,Ethnic Fusion,none,false,2025-12-05T15:54:03Z
d1e9db5a-b73a-4c07-9194-561e6f30c560,a5afd662-3a41-43a9-9d1e-c7c2e6cf9409,8561,Ethnic Fusion,none,false,2026-06-07T16:15:11Z
6921b966-88ea-4d60-b816-5669d3923167,8c7443fd-6343-4ca0-bc0f-bad617c5094b,2832,Accessories,clearance,true,2026-04-09T06:41:30Z
1fe167ba-f6c7-44c9-aba2-7a064e4faa47,028bcf9a-604d-4b04-bbb3-d25015507e1e,11982,Western,festive,true,2026-04-28T19:06:08Z
a0f02c67-b05f-431d-b92f-c1d2b27932ae,028bcf9a-604d-4b04-bbb3-d25015507e1e,6602,Kurta,none,false,2026-06-09T11:20:06Z
2d2252e7-1f5a-48dd-b46a-21dda82f7521,c0165795-62b7-4861-a9e1-e60e6a71f54d,13934,Accessories,none,false,2026-01-23T16:32:09Z
d6b1b122-ea3b-4989-80ce-49479c553169,c0165795-62b7-4861-a9e1-e60e6a71f54d,6961,Kurta,none,false,2026-04-24T07:06:44Z
216667be-ddb7-4a4d-b18c-a4a412f72c37,4ae128b3-87f7-4a4b-97a9-2cf3642dad3c,5711,Western,none,false,2025-09-15T15:51:58Z
3a4a549e-8273-4b05-8179-7bf240472b0a,4ae128b3-87f7-4a4b-97a9-2cf3642dad3c,7917,Accessories,festive,true,2025-09-20T12:49:06Z
772ce4bd-c8dd-469e-9e72-50e10af3be1f,4ae128b3-87f7-4a4b-97a9-2cf3642dad3c,4955,Kurta,sale,true,2026-03-30T23:49:14Z
e16a19d1-d975-4f5b-82b6-d8fea86bb199,4ae128b3-87f7-4a4b-97a9-2cf3642dad3c,4327,Kurta,sale,true,2026-04-10T07:12:01Z
85af1967-5815-4a77-8ff0-ef84b844d732,a77c6b6d-fb3d-4391-9f65-1056693970e9,2231,Accessories,sale,true,2024-01-11T17:23:01Z
e493adc8-3ccb-4192-b0a9-f75a5f5cdffa,a77c6b6d-fb3d-4391-9f65-1056693970e9,3193,Kurta,none,false,2025-03-02T10:44:56Z
34588c22-1893-4fa2-81ed-ae10a2429de6,ef106986-0926-4025-bad5-d38e372338ba,7904,Accessories,none,false,2025-11-24T17:22:20Z
10ceceeb-721e-4c56-995e-83c377b58227,ef106986-0926-4025-bad5-d38e372338ba,5551,Western,sale,true,2026-01-01T07:43:49Z
f9608479-a88a-465d-9630-2b5cf7caadab,77c52241-f39c-4172-ab47-99bcb3395367,4022,Accessories,none,false,2026-01-04T14:55:01Z
484ca668-3317-4f10-8bb7-a6ff01a88757,77c52241-f39c-4172-ab47-99bcb3395367,14195,Kurta,sale,true,2026-03-22T15:34:02Z
c0f8a801-92d6-4282-9a1a-dd77b1cf6213,77c52241-f39c-4172-ab47-99bcb3395367,14534,Ethnic Fusion,sale,true,2026-04-29T16:47:11Z
5e26a149-b4f9-4a91-b183-b1d97efe055a,87529cb0-26f2-4357-8c24-4594e4df4f46,4566,Kurta,none,false,2026-03-03T07:52:31Z
51b5683e-8f22-4201-9309-ce59c9c5eff0,6d79d610-b08f-4415-87d9-7aa70b22a470,1302,Accessories,none,false,2026-05-15T03:06:50Z
809a4b84-86a8-4909-bbc8-d70865c9306b,906777c0-3ce9-4eb3-a3b8-e870fc8f82ab,7908,Kurta,none,false,2024-09-14T19:45:09Z
e34e7c6d-0fbb-4800-a919-842cbee86f65,906777c0-3ce9-4eb3-a3b8-e870fc8f82ab,9608,Accessories,none,false,2025-01-11T00:57:03Z
7c6cc91f-e3e8-4789-a7aa-55b277d7bc30,016d5d7e-7af2-4e39-adcc-375b082e77c2,6598,Western,festive,true,2025-05-05T10:02:43Z
acab6ab5-ca51-4912-ae47-5f592d5678da,016d5d7e-7af2-4e39-adcc-375b082e77c2,11744,Ethnic Fusion,clearance,true,2025-09-02T21:49:44Z
782f58a9-48a2-4d8b-b8e6-72eee3ca2dc4,016d5d7e-7af2-4e39-adcc-375b082e77c2,10826,Kurta,none,false,2026-04-24T03:14:06Z
a7510902-e7c2-4d19-a655-3282b717e6d8,016d5d7e-7af2-4e39-adcc-375b082e77c2,11062,Kurta,festive,true,2026-05-28T23:18:58Z
64f44fd9-66ad-444a-9994-72b4dc243961,79e09327-3701-468d-8259-34133c8b2778,2006,Accessories,none,false,2025-03-03T20:55:43Z
15cec66b-44ae-48aa-b2f0-6d868587acab,79e09327-3701-468d-8259-34133c8b2778,14381,Kurta,sale,true,2025-07-17T15:05:12Z
082cb2e7-dd32-45f7-a735-c66058097e3f,79e09327-3701-468d-8259-34133c8b2778,14088,Accessories,festive,true,2026-01-30T18:49:21Z
d2d4d2fc-d54c-423f-b8d8-240d351b2891,e0881625-763d-4587-a24c-4c37ac94de3f,8052,Ethnic Fusion,none,false,2026-05-21T17:36:33Z
2d1146ff-0b08-4a44-9290-ef80f1513b16,e6e997fb-7919-40e3-9b15-f475e739823d,14974,Ethnic Fusion,none,false,2025-04-30T11:48:53Z
33f73d34-57c9-4347-973e-d2877c8db3e9,e6e997fb-7919-40e3-9b15-f475e739823d,2935,Western,none,false,2025-07-30T15:24:19Z
dae26a0a-7ef4-496c-b2ff-f40666dd98e7,e6e997fb-7919-40e3-9b15-f475e739823d,1067,Kurta,none,false,2026-02-21T14:28:47Z
14dfb658-4abd-4693-ae46-b13aec8becb5,e6e997fb-7919-40e3-9b15-f475e739823d,10561,Ethnic Fusion,none,false,2026-06-03T06:40:21Z
4b690df8-ee3f-4004-bfa6-736a604b478e,119cdfa0-59f0-4565-ad81-0cd85b5577ce,10834,Western,none,false,2025-08-03T20:20:09Z
86a5399a-0d5f-4ded-b9df-c6f9ae9c182f,119cdfa0-59f0-4565-ad81-0cd85b5577ce,13642,Western,none,false,2025-09-11T03:44:04Z
05e11841-e979-4939-a8d4-b7b30bf5bfa6,119cdfa0-59f0-4565-ad81-0cd85b5577ce,9407,Kurta,festive,true,2026-02-16T10:35:21Z
c7546d22-0895-4dd6-89b8-81f36e85a603,119cdfa0-59f0-4565-ad81-0cd85b5577ce,13522,Kurta,none,false,2026-03-05T10:06:39Z
375a3b01-754b-4a9f-8bb7-7a6669b1e140,d67cfdb3-5de2-40cc-be9e-6342779fe4d1,8440,Accessories,none,false,2025-10-24T03:33:25Z
232dcc2c-d644-4979-be4b-c1ea2f08286b,d67cfdb3-5de2-40cc-be9e-6342779fe4d1,6136,Ethnic Fusion,none,false,2026-04-26T00:31:43Z
c144d962-5c2f-4d38-bb08-e1d003a0aee0,bdee8b48-1d84-4ba1-99a6-f4065b02ebd6,980,Kurta,none,false,2026-03-06T12:49:21Z
946e7c47-3fee-40e9-b544-8e98d8fb4f37,bdee8b48-1d84-4ba1-99a6-f4065b02ebd6,13782,Western,none,false,2026-04-24T15:02:44Z
47b56d2f-28f8-407d-a1da-f9ab5ea219e7,18d8bd60-9d31-4b66-9172-1eb91aa3ac3c,4560,Ethnic Fusion,none,false,2025-02-20T10:08:23Z
80f6e317-d90f-457b-ac7a-a53a9327c5db,18d8bd60-9d31-4b66-9172-1eb91aa3ac3c,11262,Western,none,false,2025-04-04T14:19:34Z
b7b854a8-e924-4ffa-a7e7-13120cbcd8fa,18d8bd60-9d31-4b66-9172-1eb91aa3ac3c,4451,Western,none,false,2025-06-08T14:16:40Z
96691a08-1ef2-44e6-afb6-250550d3bef0,a3572d40-aa3f-4d09-b53b-55599df06769,13564,Ethnic Fusion,clearance,true,2025-07-20T13:31:47Z
052faeef-e03c-4aab-8465-2d39a89790bf,a3572d40-aa3f-4d09-b53b-55599df06769,6863,Accessories,none,false,2026-02-13T01:48:03Z
ba9a428c-9dd3-4ff3-b01b-a456a36bdf14,a3572d40-aa3f-4d09-b53b-55599df06769,6313,Kurta,festive,true,2026-05-17T06:04:18Z
c6244c38-c16f-4ccc-8460-5abdaddc1e52,5a0a0650-9a18-4957-8061-4c03ac69154b,6261,Kurta,none,false,2025-05-27T09:16:37Z
4d99dcf5-5546-4485-b56a-ac3df9161f68,5a0a0650-9a18-4957-8061-4c03ac69154b,9800,Kurta,none,false,2025-05-27T20:24:26Z
1c233ff4-fe8e-43c3-8f3c-22cabe66b898,5a0a0650-9a18-4957-8061-4c03ac69154b,9734,Ethnic Fusion,sale,true,2025-08-28T18:25:51Z
634fe217-74fa-4df7-98f9-6afbded692ac,18a3a40e-ef5e-40ee-b2e5-81c008093f4c,8564,Western,clearance,true,2024-09-09T00:25:35Z
25f43e7d-a078-4640-8221-4a3d2c2551b4,18a3a40e-ef5e-40ee-b2e5-81c008093f4c,9382,Kurta,festive,true,2025-11-08T04:20:30Z
18cd31d6-eab5-4bb0-9de8-3449eded0388,fcb0ed8e-603d-4c0e-9904-effc5ab8c6ea,1978,Kurta,none,false,2026-04-17T00:39:32Z
c94a122e-27e4-421e-b5ef-e1ca52392697,9ce94b15-6db7-4ae9-bdbc-a696667753dc,6082,Ethnic Fusion,none,false,2025-10-23T01:23:48Z
c4d6d271-785d-4531-90fe-c9b4e73d6f6e,9ce94b15-6db7-4ae9-bdbc-a696667753dc,12246,Kurta,sale,true,2025-12-30T14:04:48Z
1e4a0f1f-6aaa-4a06-8082-528b8f40fd06,9ce94b15-6db7-4ae9-bdbc-a696667753dc,3407,Western,festive,true,2026-05-20T13:45:59Z
f305c4f1-46a6-4961-ac98-961841d5677b,071cb496-3b36-4f45-a4c3-a4986d5af7fa,2820,Ethnic Fusion,none,false,2026-02-28T11:59:30Z
dff9de0e-0a29-4fb0-b4f8-faaa98f16323,071cb496-3b36-4f45-a4c3-a4986d5af7fa,13187,Kurta,none,false,2026-03-17T19:15:06Z
b513387b-4404-46e4-a4d8-d11ccfe0ba55,53c78c84-1bd1-44e2-830c-4338df28dc9f,7657,Accessories,none,false,2025-07-15T13:55:19Z
1b147adb-5371-4645-b4ca-8f326250d492,53c78c84-1bd1-44e2-830c-4338df28dc9f,13473,Western,none,false,2025-10-22T05:05:13Z
4a8a3d99-0210-49a7-860e-540120f0456c,53c78c84-1bd1-44e2-830c-4338df28dc9f,10973,Accessories,none,false,2025-12-23T21:29:27Z
ee41f414-81fb-4047-8bca-998339fb1532,53c78c84-1bd1-44e2-830c-4338df28dc9f,8482,Western,none,false,2026-01-24T00:08:04Z
873f6e42-4102-4b54-9c03-770b2cdf90a4,0c883e9c-df5e-49e3-86f6-3c38015d9c2b,13844,Ethnic Fusion,sale,true,2025-07-05T12:44:47Z
9c0d7a6b-0f70-40f9-b6f1-1978dd3255c6,0c883e9c-df5e-49e3-86f6-3c38015d9c2b,3372,Western,none,false,2025-10-24T15:57:52Z
01854eb5-6333-4783-a645-e9c1459963ae,0c883e9c-df5e-49e3-86f6-3c38015d9c2b,6699,Accessories,sale,true,2026-04-15T08:18:54Z
196eb87f-b24a-4d05-a528-8d62e8fa2d4f,b85a18ab-dd81-4ee6-a57e-16d4011e503e,2586,Kurta,sale,true,2026-02-25T02:08:33Z
afc9af77-900b-4d98-a265-ddaf891b671e,abd01d49-19fb-4340-901e-5a21d7100c93,13129,Ethnic Fusion,clearance,true,2025-05-31T07:36:05Z
9c72325d-b07c-400e-8d50-28cf6fc177ec,abd01d49-19fb-4340-901e-5a21d7100c93,9797,Accessories,none,false,2026-02-27T07:29:50Z
1c3d758b-f048-4c85-8297-0c56a8348a10,dac168d6-50b6-42c8-a1c7-a55734f7e646,13751,Kurta,sale,true,2026-05-04T14:07:23Z
5f18a77f-8f07-4f7c-9a8f-e1660eb187fa,4ecf9059-f71b-4552-b4c5-a889b75b3c6a,1774,Ethnic Fusion,none,false,2025-12-23T05:04:34Z
0e84df90-3ed0-4feb-8334-a327cc878d5f,4ecf9059-f71b-4552-b4c5-a889b75b3c6a,4399,Kurta,none,false,2026-03-05T15:21:27Z
f0016a0a-e243-45bb-b87b-668a981cca1d,27a5feeb-42a1-4e46-9c1e-8cb65823538b,7817,Kurta,sale,true,2025-09-20T09:56:05Z
4e68a717-8636-40b6-b1da-48d2454f87e4,27a5feeb-42a1-4e46-9c1e-8cb65823538b,686,Accessories,sale,true,2025-10-11T14:41:03Z
a46f422d-8100-41d2-ada8-a33f785c4ec2,27a5feeb-42a1-4e46-9c1e-8cb65823538b,4845,Kurta,festive,true,2026-03-18T00:03:11Z
12bbfdd1-704e-497a-a6fc-e63e54f13332,7a9ebcc5-7dd0-4270-b4bc-399555a33dd0,7375,Ethnic Fusion,sale,true,2025-08-29T14:40:51Z
00f86edb-8bfa-4fef-8e0f-369ae62e3c8c,7a9ebcc5-7dd0-4270-b4bc-399555a33dd0,3225,Western,none,false,2025-09-14T02:10:15Z
89356562-a356-4a3c-9e9c-3472cc5def52,7a9ebcc5-7dd0-4270-b4bc-399555a33dd0,14992,Ethnic Fusion,none,false,2026-04-21T17:14:49Z
ef0e157b-7a5b-4b61-a316-1406361071cf,4a06d30e-d782-48b8-8179-5b851d5f65a9,13422,Accessories,none,false,2025-07-28T18:38:36Z
da8e7c96-4bea-4e30-9a53-c8e768729981,4a06d30e-d782-48b8-8179-5b851d5f65a9,14656,Western,festive,true,2026-01-24T18:33:34Z
405448f8-c2d0-41c2-bbbe-268fb89eb221,5b73b15c-90c1-481b-aeb2-d5b406157620,2025,Kurta,none,false,2025-03-20T11:16:52Z
94c0caef-18e5-4dc3-a311-cf4fb207af5b,5b73b15c-90c1-481b-aeb2-d5b406157620,6036,Ethnic Fusion,none,false,2025-05-08T08:18:39Z
1173bb71-c81e-4384-b636-42549f9b430e,5b73b15c-90c1-481b-aeb2-d5b406157620,10232,Kurta,none,false,2025-10-30T15:45:05Z
104cb041-a8d4-4033-ac3a-a794be1b5fa3,5b73b15c-90c1-481b-aeb2-d5b406157620,10553,Kurta,sale,true,2026-02-06T02:52:46Z
e589b2d9-c5a9-4390-88b7-bdf5a60b8fb3,5b73b15c-90c1-481b-aeb2-d5b406157620,8409,Accessories,none,false,2026-03-28T18:48:46Z
b6df2891-dd00-4ab3-8b46-d12b9eec2b5b,e7c845a6-c141-4f13-be2d-4f4f881f3599,9349,Ethnic Fusion,clearance,true,2025-01-04T04:46:07Z
970bb12d-19df-4214-ae3e-295fcade7df2,e7c845a6-c141-4f13-be2d-4f4f881f3599,4846,Western,none,false,2025-04-18T06:47:03Z
6d130891-a7bb-41c8-b473-6516c4a63a66,e7c845a6-c141-4f13-be2d-4f4f881f3599,11323,Kurta,none,false,2025-11-11T03:27:47Z
3418bcae-78d4-4d04-b05e-23a85a994037,e7c845a6-c141-4f13-be2d-4f4f881f3599,5112,Kurta,clearance,true,2026-04-27T17:22:33Z
d5b1be13-b7d9-4f61-9c4f-44431c99a58c,43866bc6-a82a-40c9-a1e1-3b0bb64057bc,1393,Accessories,none,false,2026-03-11T13:16:23Z
047f8f8b-3d99-40af-9d19-b1eaedc478d7,43866bc6-a82a-40c9-a1e1-3b0bb64057bc,6411,Kurta,none,false,2026-05-14T22:25:12Z
f5c6bd6b-9c7f-4132-9b71-c1b4b6ab8314,f07989cf-4714-4900-9dd7-3c182edb0d02,13998,Kurta,none,false,2026-03-16T01:59:43Z
0624ae0c-5725-4aa5-b744-256c205807f7,9da13296-6435-4421-9aa4-f8473730b51a,10956,Ethnic Fusion,none,false,2025-12-04T15:27:19Z
7dab2130-4184-4fad-9668-356e5aba2d5b,9da13296-6435-4421-9aa4-f8473730b51a,5281,Western,none,false,2025-12-10T13:18:32Z
2f64ba28-1aaa-4e70-a375-18474dcd283f,5a873139-a700-41d3-9108-15b902194e8e,11330,Western,sale,true,2025-03-06T23:08:01Z
5e42b04c-f8c6-49f3-ac8c-f9be9bb653ac,5a873139-a700-41d3-9108-15b902194e8e,4841,Kurta,none,false,2026-05-20T03:25:20Z
61e4d6e4-83c5-4eeb-a70d-0dcdff5e81ec,a48cc549-b459-4b09-8fc3-da514f5394d8,1509,Kurta,none,false,2025-03-19T03:57:48Z
e0997269-e5cc-4803-80a5-d078b692abfe,a48cc549-b459-4b09-8fc3-da514f5394d8,2976,Accessories,none,false,2025-11-04T09:04:40Z
7c4e2bed-9e70-4dba-99b0-162b4f2b6edd,a48cc549-b459-4b09-8fc3-da514f5394d8,12824,Western,none,false,2026-03-06T00:17:35Z
70ef142e-9e02-4144-80f3-8badcd43e324,a48cc549-b459-4b09-8fc3-da514f5394d8,11910,Western,none,false,2026-05-07T03:39:47Z
56f57c81-3dd5-49af-8802-97e8eef88bf7,aff4afd9-0bdc-45e0-af6d-cf4207c42003,11756,Ethnic Fusion,none,false,2024-11-17T09:02:13Z
e631a202-c822-484b-b928-3b0273e920e9,aff4afd9-0bdc-45e0-af6d-cf4207c42003,14703,Western,none,false,2024-11-25T22:00:16Z
92b781d1-55bc-4b7d-ad41-5399e227ae22,aff4afd9-0bdc-45e0-af6d-cf4207c42003,8279,Ethnic Fusion,none,false,2025-06-05T20:04:22Z
1f41ffc9-908a-4745-bc32-adc713f21dad,aff4afd9-0bdc-45e0-af6d-cf4207c42003,9883,Kurta,clearance,true,2026-01-18T14:00:25Z
15d68340-9b49-46ed-adff-3fcc1ad3fc99,699baaa3-5049-408c-aa86-e141c9bdba58,1793,Accessories,none,false,2026-06-10T09:15:58Z
c4950c91-4337-416e-a08b-0678d1ccf3af,cbeb1ecc-b7c3-457c-bc0f-2cc0e2b7c031,1068,Western,festive,true,2026-01-28T04:07:46Z
6c988b12-93e0-4b79-9699-ab3cb41017a5,1441b86f-77d2-4fce-a4fd-9899d019c068,2470,Accessories,sale,true,2025-01-27T00:54:20Z
7f4299cd-8d26-4da9-82a7-22fe34d16ef3,1441b86f-77d2-4fce-a4fd-9899d019c068,12905,Western,sale,true,2025-02-03T01:25:27Z
6e45ae42-e70d-416b-9d7f-d4b2b3933768,c82f91eb-edb7-4648-93f0-c02e139a7edb,2567,Kurta,clearance,true,2025-12-07T13:37:06Z
41df9eb8-6096-4310-abb9-cbc5ab4ae7a9,c82f91eb-edb7-4648-93f0-c02e139a7edb,1199,Accessories,festive,true,2026-01-30T07:26:48Z
8dd737fa-101e-4b39-b799-dfce4f7783f6,760a500a-41db-49a1-ad01-dfb4fe86ff59,2922,Kurta,none,false,2025-11-05T01:46:59Z
46c1becb-4170-4042-baae-8ad92e58fdbd,760a500a-41db-49a1-ad01-dfb4fe86ff59,14166,Ethnic Fusion,festive,true,2026-05-11T08:39:54Z
15992cd7-38a7-4378-8cfd-bcfb4f25a37d,ec395c44-902e-4e69-a5d1-9c2f174c2503,5025,Accessories,none,false,2025-08-30T04:39:50Z
626b7300-9f9d-4be6-98d4-51e0fd53cef7,ec395c44-902e-4e69-a5d1-9c2f174c2503,9014,Accessories,none,false,2025-09-23T05:16:12Z
aec610b3-c979-4af5-9dc7-ebd9a11a1d74,ec395c44-902e-4e69-a5d1-9c2f174c2503,8006,Kurta,none,false,2025-12-29T10:04:13Z
c7eab775-e1b6-470d-a87a-8e2dfc6c28e4,07935288-af31-4fe8-a141-13e48d9d9b22,11975,Accessories,none,false,2026-06-09T20:01:39Z
4abbd01c-b788-40d1-bfc2-0c4a6d76c1a3,242e9667-6f68-4811-b555-95eb0cfc8de0,7374,Ethnic Fusion,none,false,2026-06-06T21:05:09Z
97679460-41bc-4e06-9ec2-82c4b63978f2,2785a463-6941-426c-9cd1-96b04f797ba4,2141,Western,none,false,2024-04-19T02:55:51Z
b4b40ff0-a9fb-4ff9-aedd-022162eb45f2,2785a463-6941-426c-9cd1-96b04f797ba4,2230,Kurta,sale,true,2025-03-29T18:30:44Z
115c1c4b-e13c-490d-8fb5-33171f1d9ded,d91b7348-8318-4bc0-a275-b8da544bcf97,5187,Western,none,false,2026-02-12T12:12:10Z
b49c0202-b3f7-4a6c-b1d6-6c4f61805f67,ff7034b0-ac35-4586-9092-3415083af32e,10477,Western,none,false,2025-02-28T02:09:19Z
d78d3bf7-1601-45d1-b3cf-8010b6a50180,ff7034b0-ac35-4586-9092-3415083af32e,8250,Accessories,none,false,2025-03-31T15:42:24Z
a3a5ad16-b321-49d3-8489-0ec15ee16304,25c20a5e-6cb9-4e98-9a9b-13b5cc5ee6f5,7081,Kurta,sale,true,2025-06-23T10:02:25Z
c2efdf75-238e-4dbc-ad46-1b213511ce47,25c20a5e-6cb9-4e98-9a9b-13b5cc5ee6f5,1135,Western,sale,true,2026-04-18T20:29:03Z
5a402d06-7341-4ac8-99f1-efb953c2d944,10edb674-1683-42dd-99f7-3a9928999da8,8554,Kurta,none,false,2025-11-13T00:25:25Z
2d5751cd-c5e6-44fb-b206-1ee51ce8c35c,10edb674-1683-42dd-99f7-3a9928999da8,14561,Ethnic Fusion,festive,true,2025-12-07T23:43:50Z
2d654b73-3b71-45ff-b5ec-c9839cb20793,10edb674-1683-42dd-99f7-3a9928999da8,11906,Accessories,none,false,2026-04-01T10:43:46Z
01504835-61c6-455e-8aad-6192b05b3dc4,10edb674-1683-42dd-99f7-3a9928999da8,11720,Accessories,none,false,2026-05-04T16:42:18Z
dde22f36-1f4b-4def-9d04-410c2b2440d4,57c2906d-f98f-4b42-b1b0-3c6209c50860,13181,Accessories,none,false,2024-09-20T02:37:57Z
037a56bb-9f21-49a5-aaac-0d0c316c70d2,57c2906d-f98f-4b42-b1b0-3c6209c50860,14030,Kurta,sale,true,2025-12-27T14:04:31Z
fbb267be-f8f4-456b-b2f5-f7f51f46e637,70383947-53d1-43eb-b667-16a8d5241884,8437,Ethnic Fusion,none,false,2026-03-08T08:29:28Z
2c45a38a-712d-4c6a-8794-f1fc046ca1fb,70383947-53d1-43eb-b667-16a8d5241884,12943,Ethnic Fusion,festive,true,2026-03-18T08:15:28Z
d4374925-5ea0-47b1-9ddb-fed2ea580888,70383947-53d1-43eb-b667-16a8d5241884,8962,Kurta,none,false,2026-05-04T17:56:28Z
f2341997-6ad5-456c-a2e2-f4b3bba3dc8c,d0ba9fe5-d679-43cc-971c-b986671937ec,14838,Ethnic Fusion,sale,true,2024-10-12T11:22:38Z
97153e77-16e1-4f88-a62c-d0e92000730d,d0ba9fe5-d679-43cc-971c-b986671937ec,14146,Kurta,none,false,2025-06-16T05:48:59Z
77597351-9f98-4f4d-8070-3fa8c6ddaffe,d0ba9fe5-d679-43cc-971c-b986671937ec,3788,Ethnic Fusion,none,false,2025-10-04T00:56:54Z
3e2cd5b3-4263-4a49-b8ca-006dabbee532,d0ba9fe5-d679-43cc-971c-b986671937ec,14213,Western,none,false,2026-01-01T21:56:47Z
4c91d977-22b5-445e-be6c-1ace68a615df,2ca2e54d-51a8-4056-977d-b8367fcab625,1328,Kurta,none,false,2026-05-08T14:23:22Z
1d769778-4836-4452-8bb9-ed40ab06a681,d43baacb-4fdf-4cf6-b67b-53066ebae705,10910,Ethnic Fusion,festive,true,2025-10-18T00:01:53Z
dee3d149-afd3-4be0-9976-1005fb156a2a,d43baacb-4fdf-4cf6-b67b-53066ebae705,2529,Kurta,none,false,2026-05-07T01:23:54Z
2cd68d7f-2f08-47f2-af89-d405bf71d612,452f1458-b24b-4e43-b7ff-14d8dfd8ac72,949,Western,none,false,2024-05-19T21:27:00Z
2ad5b385-9306-49ea-a9d7-38e3396c01d7,452f1458-b24b-4e43-b7ff-14d8dfd8ac72,6833,Western,festive,true,2024-08-09T23:36:25Z
7d4da87f-24ed-4010-8e63-b82b666f5240,452f1458-b24b-4e43-b7ff-14d8dfd8ac72,1313,Accessories,none,false,2024-09-29T16:13:20Z
4b981783-e858-4330-9636-a8d6718222d6,452f1458-b24b-4e43-b7ff-14d8dfd8ac72,3169,Western,festive,true,2025-01-27T13:35:08Z
e202e718-a418-4641-b79c-3e180f97455f,452f1458-b24b-4e43-b7ff-14d8dfd8ac72,14489,Western,none,false,2025-02-07T22:35:04Z
e7fa2201-b4f6-472b-ab2b-438db264540c,ccf6673a-7a54-4fa9-9c3b-6723459f2430,828,Accessories,sale,true,2025-12-01T19:46:14Z
dbb5199f-cf66-4278-84fb-a70914d01a26,ccf6673a-7a54-4fa9-9c3b-6723459f2430,14666,Accessories,none,false,2026-02-20T10:28:57Z
c55c2e89-e653-4016-baf9-bad2d5d1a94c,ccf6673a-7a54-4fa9-9c3b-6723459f2430,13284,Ethnic Fusion,none,false,2026-04-15T20:08:51Z
8953048e-27d2-4505-a9f9-f55c5064970d,286c7e0b-3db2-42a8-a33c-1ca8f85593a0,8880,Ethnic Fusion,none,false,2025-04-07T01:36:21Z
6bd259c9-2b30-4768-ac88-4b09c4c09c83,286c7e0b-3db2-42a8-a33c-1ca8f85593a0,11352,Kurta,none,false,2025-05-24T23:55:39Z
55a44d1e-0c5a-4502-833b-6e15d4818f0e,286c7e0b-3db2-42a8-a33c-1ca8f85593a0,14316,Kurta,none,false,2025-06-09T21:01:04Z
5898a11e-bae0-4751-8e57-fdcdb1f2cd57,286c7e0b-3db2-42a8-a33c-1ca8f85593a0,14252,Ethnic Fusion,none,false,2025-10-04T17:34:37Z
b58ec67f-505d-4f88-97ad-ac0e9d6c93cb,286c7e0b-3db2-42a8-a33c-1ca8f85593a0,6631,Kurta,sale,true,2025-12-11T00:36:39Z
e026f704-63af-476b-b964-9d493c336dfd,286c7e0b-3db2-42a8-a33c-1ca8f85593a0,9698,Accessories,festive,true,2025-12-24T13:13:59Z
e6d71317-1ddb-46ec-a76a-a3fab2a583e3,286c7e0b-3db2-42a8-a33c-1ca8f85593a0,11106,Ethnic Fusion,none,false,2026-01-26T16:58:01Z
7988ba2b-39c3-48b6-b955-baa94a2473b1,286c7e0b-3db2-42a8-a33c-1ca8f85593a0,10228,Western,none,false,2026-02-23T06:07:15Z
958f5ac6-d4d5-4ed4-894b-82c4a5c97038,318eb75d-2eb5-4491-a5cc-93442e16a816,5827,Western,none,false,2025-10-08T06:14:42Z
75bc6e2c-0332-40ca-ba5c-804ac4c98289,318eb75d-2eb5-4491-a5cc-93442e16a816,14614,Kurta,none,false,2026-01-13T03:09:12Z
d0cd3fcf-c66b-416c-95d5-f43a37cef281,1a83faca-a664-4c7e-b686-7a759fdfa127,2956,Kurta,festive,true,2025-09-05T11:39:42Z
c712c4a6-c737-4441-b17b-76179a18cf7c,1a83faca-a664-4c7e-b686-7a759fdfa127,8975,Ethnic Fusion,none,false,2026-03-28T23:34:45Z
43654aa4-8562-4633-b5c3-dc09c48c1dc7,23692244-4223-4253-9ae4-9e3e5b3140f2,8648,Accessories,none,false,2024-11-14T09:13:54Z
713e991b-6540-4a1c-be0c-9abade856fc5,23692244-4223-4253-9ae4-9e3e5b3140f2,5343,Ethnic Fusion,none,false,2025-04-05T22:25:50Z
33705aa1-dd45-418a-8057-378eefcc95f7,23692244-4223-4253-9ae4-9e3e5b3140f2,4750,Ethnic Fusion,none,false,2026-03-26T05:02:32Z
ef6d6e67-0325-4bc2-ae29-d070f317c08b,82558708-182b-402f-b128-bdd01a4688e6,4143,Western,none,false,2026-01-02T02:07:03Z
4b2edb06-222b-4c4b-aa97-35543581c416,82558708-182b-402f-b128-bdd01a4688e6,11744,Kurta,none,false,2026-01-07T12:17:50Z
e3457d90-a400-4f67-bc1d-ad19b1032c1c,82558708-182b-402f-b128-bdd01a4688e6,9259,Ethnic Fusion,sale,true,2026-06-08T10:09:30Z
f1ba6268-91ed-452b-b44f-e3e86ca2a652,0c9fd659-8269-47b3-a7b3-15230ca10454,11636,Ethnic Fusion,none,false,2025-10-20T00:05:30Z
84ad7df4-8053-46c7-9316-9f3ddbe0b70e,0c9fd659-8269-47b3-a7b3-15230ca10454,5999,Ethnic Fusion,none,false,2025-12-04T06:55:32Z
128537fe-57fe-4c6d-a5b4-1eec4299ad1c,0c9fd659-8269-47b3-a7b3-15230ca10454,11222,Accessories,festive,true,2026-03-05T08:24:05Z
901d11c1-5074-4601-9792-18709b6a20f7,0c9fd659-8269-47b3-a7b3-15230ca10454,1963,Kurta,sale,true,2026-03-29T21:05:20Z
632a259a-32cd-40a2-974b-8aa06250349b,0c9fd659-8269-47b3-a7b3-15230ca10454,4141,Kurta,none,false,2026-05-17T12:41:13Z
556d3d82-fd77-4077-93ba-3aa40a488ae6,f465e917-6714-4950-8a8f-00eee8156376,10007,Western,none,false,2025-04-24T23:22:50Z
2c4702be-e5d6-4a8e-b4a7-5cd9b997f479,f465e917-6714-4950-8a8f-00eee8156376,10668,Accessories,none,false,2025-06-29T00:43:50Z
2fec150b-8559-4566-8d88-42772c065e68,f465e917-6714-4950-8a8f-00eee8156376,1666,Western,none,false,2025-08-05T11:12:32Z
f8a9f650-ad88-4565-b80e-8066d3a76530,f465e917-6714-4950-8a8f-00eee8156376,8236,Western,sale,true,2026-02-02T20:30:01Z
ee79ccfe-9701-441e-929b-0c8595b566b8,24e67f39-db86-4814-b213-85a9a6cb2e84,14713,Accessories,none,false,2026-01-03T06:49:25Z
32dc13a9-6a05-4759-b906-0796be1ec23a,1dca4ae9-1b19-4206-9e39-0e37939e2ae4,10838,Kurta,festive,true,2024-07-12T06:41:42Z
c15f9197-d6c7-4f74-ad2c-11f3f9fb7cf0,1dca4ae9-1b19-4206-9e39-0e37939e2ae4,3397,Accessories,none,false,2024-08-13T15:13:58Z
a93b1622-00a2-46c8-988b-be9a89342483,1dca4ae9-1b19-4206-9e39-0e37939e2ae4,5634,Kurta,none,false,2024-08-25T20:15:24Z
418f677e-3255-4159-8c25-f05eeeb2a53b,1dca4ae9-1b19-4206-9e39-0e37939e2ae4,10895,Kurta,sale,true,2024-10-10T04:16:15Z
957d5a33-98fb-4b74-9621-1bd65e503a1f,1dca4ae9-1b19-4206-9e39-0e37939e2ae4,1450,Western,sale,true,2024-12-07T18:22:51Z
efb74d8c-9400-4e03-8be4-fe176de4f938,1dca4ae9-1b19-4206-9e39-0e37939e2ae4,577,Western,none,false,2025-02-16T20:52:46Z
e060a797-cf9e-41e2-a77b-3f38b4502c6f,2df71853-2453-4907-a972-367c5f10566a,8521,Kurta,none,false,2025-09-30T08:07:56Z
d04b5118-a735-4ee0-807e-d4810ccb66a9,2df71853-2453-4907-a972-367c5f10566a,13364,Ethnic Fusion,sale,true,2026-04-26T04:16:11Z
e5b5b7ad-2300-463c-a547-4108c4c7cd8d,3d8d46f2-3836-4842-ae6e-bd9fed2fb02d,730,Kurta,none,false,2025-05-09T11:25:05Z
62bab933-4c2d-4302-bf83-5641466f95dd,3d8d46f2-3836-4842-ae6e-bd9fed2fb02d,5779,Western,none,false,2026-01-26T19:47:37Z
29210ae1-7410-4cbc-9ed1-e196ab6902d4,3d8d46f2-3836-4842-ae6e-bd9fed2fb02d,12900,Western,none,false,2026-02-02T02:37:58Z
bed6bcbe-3214-4695-8d7a-72ae69108f3f,3d8d46f2-3836-4842-ae6e-bd9fed2fb02d,14151,Western,sale,true,2026-04-29T03:29:04Z
c6bd70e3-ea67-4cab-861e-9fc61ad81e04,1505fbf4-d891-48e7-ba27-b7428ecc5519,2182,Kurta,none,false,2025-10-08T07:54:47Z
31524f5c-becf-4183-a0b6-6bdff4a75f8a,1505fbf4-d891-48e7-ba27-b7428ecc5519,6784,Kurta,festive,true,2025-12-13T10:33:29Z
288978aa-98a0-472d-ba0d-d6c16ebe5136,1505fbf4-d891-48e7-ba27-b7428ecc5519,8746,Ethnic Fusion,none,false,2026-02-02T18:15:14Z
0104a132-19c7-42de-a70e-fb95ef49ab83,0196e421-a3dd-4b26-8e61-267183df640b,6035,Kurta,none,false,2025-07-28T07:09:43Z
5ae79164-2853-4788-90b0-dc979442f0aa,0196e421-a3dd-4b26-8e61-267183df640b,7605,Ethnic Fusion,sale,true,2025-11-15T00:46:15Z
dd69d438-2adc-4f30-9381-3673481e0832,0196e421-a3dd-4b26-8e61-267183df640b,11752,Kurta,none,false,2026-03-18T08:43:24Z
800ff5b4-c1e0-46ae-9577-f9256fcc2d22,d1d4daa2-02e8-43f3-b1d2-c433c2b75f64,813,Accessories,none,false,2024-12-16T23:19:25Z
1e7818d0-3f8a-4793-afa3-4bb3266cd087,d1d4daa2-02e8-43f3-b1d2-c433c2b75f64,4242,Western,festive,true,2025-05-28T06:18:40Z
b6f8224a-cf1e-418a-ad82-727f534e4f13,d1d4daa2-02e8-43f3-b1d2-c433c2b75f64,4175,Ethnic Fusion,festive,true,2025-12-23T08:44:24Z
6d57e755-43fd-4011-a2c6-5a8fc6bbb842,3ec3b1dd-1b22-4895-a483-fc80fc37b3f6,12527,Ethnic Fusion,none,false,2026-05-03T01:30:05Z
4e595990-c8d0-4ea3-b630-6bd2aa6d01fa,fd3bdf7c-580e-47f4-86b0-1a35e6378b42,14198,Kurta,sale,true,2024-12-03T09:57:14Z
243fc3b9-cd0e-4c11-bb9e-6efdacae483a,fd3bdf7c-580e-47f4-86b0-1a35e6378b42,823,Ethnic Fusion,sale,true,2025-03-27T15:33:54Z
0659b218-726c-4c28-a6b2-fa222ec69f12,fd3bdf7c-580e-47f4-86b0-1a35e6378b42,1290,Ethnic Fusion,none,false,2025-12-13T08:30:44Z
c4f267c9-5fb7-4cfd-86ee-4abee2386396,fd3bdf7c-580e-47f4-86b0-1a35e6378b42,11800,Western,none,false,2026-02-17T10:07:56Z
2c99a71a-0fe2-4572-bd5f-a46e257e01b5,fd3bdf7c-580e-47f4-86b0-1a35e6378b42,2397,Ethnic Fusion,none,false,2026-05-14T15:21:53Z
3142be06-b6ec-499d-9417-acc51b80ab8f,a0eebf45-e381-4be5-ba53-9a3c0d5b5a16,3866,Western,none,false,2024-12-26T08:53:12Z
eb60390e-cbea-4b59-adce-53572e399850,a0eebf45-e381-4be5-ba53-9a3c0d5b5a16,11890,Kurta,sale,true,2025-04-27T00:58:20Z
7f14b4bf-2661-4a98-8221-d1aa59b96bdd,853aa5fa-e558-4e13-8ce2-82a60bac7315,10422,Kurta,sale,true,2024-12-15T02:21:19Z
bf670f5f-35d3-47bf-aef9-61beccb00366,853aa5fa-e558-4e13-8ce2-82a60bac7315,11980,Ethnic Fusion,none,false,2026-02-02T08:48:00Z
3fc0d388-43bb-4aa5-904d-609bcbec26a1,f585b65b-8600-4c83-82c2-3731da73065e,3754,Ethnic Fusion,none,false,2026-02-01T02:04:20Z
694b0338-c846-4bd0-be8d-c6b3704169a9,f585b65b-8600-4c83-82c2-3731da73065e,10477,Kurta,none,false,2026-03-27T18:42:48Z
b1445128-7e0c-4736-8931-5a152c3b84ff,f585b65b-8600-4c83-82c2-3731da73065e,3772,Ethnic Fusion,none,false,2026-05-03T22:46:32Z
bdb01f7f-a8fc-4ff4-98d1-6bdfc8040a54,c23741e5-8dc9-4e39-9c43-1c73a3a6a4d1,3127,Ethnic Fusion,none,false,2025-05-28T21:14:24Z
5e8ad603-5751-4fc9-b12f-97e8cb5a4775,c23741e5-8dc9-4e39-9c43-1c73a3a6a4d1,1145,Accessories,none,false,2025-09-18T13:17:50Z
386d2ef3-63c9-40fd-b4d9-b8c2e2b7f986,878f6a8f-b4ac-44e0-a35c-c13b05bc6755,544,Western,clearance,true,2026-02-14T23:48:24Z
cad0144a-4080-4806-a26b-ef2ca3383445,878f6a8f-b4ac-44e0-a35c-c13b05bc6755,708,Kurta,none,false,2026-06-08T17:30:13Z
6aa617b2-1cc2-44f4-b641-1aabf43ef84e,c37ecdbc-659e-48ce-905a-dab511aed0f6,2159,Ethnic Fusion,none,false,2025-03-24T12:07:21Z
ebab6145-47cb-400f-a94c-96d43928249d,c37ecdbc-659e-48ce-905a-dab511aed0f6,4692,Ethnic Fusion,none,false,2025-04-10T03:34:15Z
c936b52f-5aca-425c-b401-ac830ae740d8,c37ecdbc-659e-48ce-905a-dab511aed0f6,11056,Kurta,sale,true,2026-05-17T22:20:33Z
69ea7d5f-3cd9-41df-9f0d-7dadf391160a,9b8e909b-39bb-49a9-9633-ff2a42e8a83c,5260,Accessories,none,false,2025-03-19T18:51:40Z
3fef69eb-ee9a-435a-bc2c-2625dc824f89,9b8e909b-39bb-49a9-9633-ff2a42e8a83c,6401,Kurta,none,false,2025-09-11T00:10:52Z
d2399fbf-f851-4dd6-92f5-fa774aa15e13,9b8e909b-39bb-49a9-9633-ff2a42e8a83c,13633,Western,none,false,2025-11-26T11:08:53Z
b102f9d8-2175-4752-a2c6-3667ecc74805,8e5407a7-5c21-4930-a35b-ae796154f514,658,Western,festive,true,2025-08-05T20:33:16Z
8636dfa8-b15a-47f6-8144-bcca01ed6e73,8e5407a7-5c21-4930-a35b-ae796154f514,14459,Kurta,festive,true,2026-05-08T23:39:31Z
24c3cc9c-0844-472d-8a77-57a02a67ee88,95158dfa-b687-4f79-9c44-11c0a67c2af3,7066,Kurta,festive,true,2026-02-08T07:24:55Z
f9062f8b-f713-4a9a-a8a2-d8f3633cc64c,95158dfa-b687-4f79-9c44-11c0a67c2af3,7057,Western,none,false,2026-03-29T17:00:54Z
758c39f4-a59f-40f4-a909-e645894a2121,95158dfa-b687-4f79-9c44-11c0a67c2af3,7979,Western,festive,true,2026-03-31T06:39:44Z
14cad0f1-176a-4b87-9a60-845b9b056cf8,95158dfa-b687-4f79-9c44-11c0a67c2af3,4953,Ethnic Fusion,none,false,2026-04-30T10:10:04Z
2f1acaa0-013d-4d79-8883-2218cf3c63bd,d39fd747-19c2-40d6-a2e2-36f0bfe2c1b8,8335,Ethnic Fusion,sale,true,2026-01-11T06:10:01Z
bfb1404a-dbb7-4195-9896-faedbba6c7bc,287cf49e-c743-42fb-bd98-2bc04a571044,11714,Ethnic Fusion,festive,true,2024-11-06T13:12:45Z
5fd15a5f-be1d-4a9c-b05c-423e5318f41e,287cf49e-c743-42fb-bd98-2bc04a571044,14917,Kurta,sale,true,2024-11-21T15:52:49Z
e657a83c-811a-4933-b015-1366e0f59963,287cf49e-c743-42fb-bd98-2bc04a571044,14238,Accessories,none,false,2024-12-18T06:39:59Z
ff1c4e78-b656-46ce-8ff6-81cd3d60b602,287cf49e-c743-42fb-bd98-2bc04a571044,12415,Kurta,none,false,2025-07-04T07:29:08Z
86ab2b3b-a7e1-43bb-ab36-48d4deb8d2d7,287cf49e-c743-42fb-bd98-2bc04a571044,2640,Western,none,false,2025-12-27T17:03:38Z
fdffdb77-4bec-4aa9-a359-d525a5169c37,287cf49e-c743-42fb-bd98-2bc04a571044,8414,Western,none,false,2026-01-07T05:56:21Z
4c212e53-7f86-4085-bff5-6ba080627e01,304fbf7c-de84-4804-ab82-dc1994eeaabf,9098,Accessories,sale,true,2024-09-09T07:25:33Z
7adfcc55-f66a-4480-bfe1-db2c461f22b0,304fbf7c-de84-4804-ab82-dc1994eeaabf,13075,Western,none,false,2025-02-02T00:24:23Z
d5c42cd7-2809-4af7-aec4-ecb3de179793,304fbf7c-de84-4804-ab82-dc1994eeaabf,12683,Kurta,festive,true,2025-04-17T05:10:33Z
ec0dd360-a331-409d-b5bb-2e66a0959acf,b75ff214-09ce-40e0-9092-2d8097e22c5d,11474,Western,none,false,2025-12-21T05:55:24Z
4334a26c-219f-418a-95bf-5616df6bd3e5,269f6ecd-dfdf-4630-9c9d-7af88391b6b6,11374,Western,none,false,2024-07-31T06:49:00Z
74595bed-74dd-495d-924e-15485593f1db,269f6ecd-dfdf-4630-9c9d-7af88391b6b6,11580,Ethnic Fusion,sale,true,2025-02-23T23:54:51Z
716c5a48-4f59-4eb8-8c26-d39833812eb1,269f6ecd-dfdf-4630-9c9d-7af88391b6b6,11008,Ethnic Fusion,none,false,2025-03-10T02:03:18Z
2c599ce4-1c72-4ab8-b846-f1536f4b50a7,9c1fd516-1586-4021-8085-b8471a387d08,9647,Western,festive,true,2026-01-02T11:03:10Z
f65a7b30-ef90-4248-aa07-13e0b13eee93,fff41ea7-3f1b-42fe-be5b-2e044d9a4c61,8805,Western,sale,true,2025-10-24T20:16:21Z
85339a9c-9f38-4eaf-928e-ca1d0049c380,fff41ea7-3f1b-42fe-be5b-2e044d9a4c61,4148,Western,none,false,2025-11-10T12:19:40Z
f634ac07-cf7b-4c89-8f91-ba599f1be295,fff41ea7-3f1b-42fe-be5b-2e044d9a4c61,9519,Western,none,false,2025-12-20T06:24:13Z
0fc25990-b114-4533-89b7-e625b6f1c181,fff41ea7-3f1b-42fe-be5b-2e044d9a4c61,11040,Kurta,none,false,2026-06-08T16:18:41Z
4ed596c1-c84b-493b-970b-81a48af804cd,1d0effa1-a0e1-40c9-bbd4-139f30169d86,1791,Western,festive,true,2026-04-20T00:04:03Z
c6c50c27-6e41-42ad-9743-68230bc32426,d53020f1-edc1-407f-8fa4-a5d3ad3f5724,2444,Kurta,festive,true,2025-11-22T03:57:06Z
9ab5db80-7879-499c-b235-26c35dc6b73f,d53020f1-edc1-407f-8fa4-a5d3ad3f5724,8648,Western,none,false,2026-01-14T01:18:47Z
6f2097c5-6d49-4829-a2ef-f832652d05a5,73804037-320b-4d62-8dba-d04587b98cfb,10642,Kurta,none,false,2024-10-05T14:43:22Z
606b7632-686e-4e22-b462-cffd26cb56b3,73804037-320b-4d62-8dba-d04587b98cfb,10945,Western,none,false,2026-02-11T07:14:16Z
d3aee06a-ea4a-4045-b179-39152b322468,73804037-320b-4d62-8dba-d04587b98cfb,5490,Western,sale,true,2026-03-03T13:25:52Z
5d4af8a3-aab7-4cf8-ad91-c6514b1e4cef,ab938f54-1350-4f16-94fe-4e38bb55ae0a,11224,Accessories,none,false,2026-01-17T07:52:52Z
b9804ed2-c239-4b74-9505-d947024f7472,7942c448-615e-495f-bbbf-3daab61aab06,10654,Accessories,none,false,2025-09-07T09:03:38Z
8b2cde01-3773-4915-bc95-2f5d4de47e44,7942c448-615e-495f-bbbf-3daab61aab06,10329,Western,none,false,2025-11-29T23:29:22Z
e2a564b1-ad2e-4448-a0a1-a51742f661dc,7942c448-615e-495f-bbbf-3daab61aab06,8251,Kurta,none,false,2026-03-03T10:43:20Z
5152bec7-066a-4521-a589-9730ebc83c78,3911e390-0429-4a60-863b-9d00e71419f2,5283,Kurta,none,false,2025-09-15T03:22:07Z
286bf228-28b1-4dd4-8215-5f0c3b247691,3911e390-0429-4a60-863b-9d00e71419f2,9473,Ethnic Fusion,festive,true,2025-11-23T10:53:02Z
def8ad45-029c-4776-8ccb-7db8b93031c8,3911e390-0429-4a60-863b-9d00e71419f2,9052,Kurta,clearance,true,2026-02-03T07:24:17Z
b936da6a-2655-43ed-9634-4b23a37819b4,dca74e36-78d0-4e3b-9b04-d7819311a449,12244,Ethnic Fusion,none,false,2026-02-02T01:56:43Z
8ea0c6f3-fa9c-421d-9c91-626774b0712d,dca74e36-78d0-4e3b-9b04-d7819311a449,12665,Kurta,none,false,2026-05-17T17:56:25Z
a524558a-4128-4744-859c-e7c6af3b5ac6,b9b22a84-b258-44c6-9d53-bd52e4879b43,13302,Kurta,clearance,true,2026-01-02T10:28:31Z
5b7eda92-e322-40d2-a632-fac7725eeeea,b9b22a84-b258-44c6-9d53-bd52e4879b43,3622,Ethnic Fusion,none,false,2026-03-04T02:07:26Z
525233e1-3d58-4016-b129-bbefaef5eeb1,b9b22a84-b258-44c6-9d53-bd52e4879b43,12243,Kurta,none,false,2026-04-14T09:07:02Z
eee8b137-dc86-4b40-bf46-4ab5f10a496f,4e6c2e11-e7c8-4eec-ad9f-baa3ab9003ee,10147,Kurta,clearance,true,2025-12-14T18:59:55Z
d0d966bf-bd30-46a6-ad08-e66b86fd5f87,4e6c2e11-e7c8-4eec-ad9f-baa3ab9003ee,2518,Western,festive,true,2026-04-23T07:09:14Z
dbaa1123-af88-459b-b875-81a571dcd19b,89dcfdbe-4309-4a65-a9e5-6c05a965f90a,9189,Accessories,none,false,2026-02-23T09:24:15Z
34d32fbf-d069-4cd7-962b-b2d4c045a9f6,89dcfdbe-4309-4a65-a9e5-6c05a965f90a,12562,Western,none,false,2026-06-03T20:17:31Z
8a56ed77-396e-4100-89e7-05b0d31cb780,0fa83daf-e74c-4195-972a-7885aef01aec,3403,Accessories,none,false,2025-05-10T22:58:49Z
9abf49b7-41e7-45e2-9c59-154c061d4d37,0fa83daf-e74c-4195-972a-7885aef01aec,11834,Western,none,false,2026-04-27T07:34:23Z
91cf8a39-9691-4b0b-b9ca-c29fbde28f54,67cfc0ac-e251-4e03-9f70-2792194773a1,10431,Kurta,none,false,2025-11-07T13:04:16Z
fbccf796-d95f-4dcf-b0e7-432bd12c31e4,67cfc0ac-e251-4e03-9f70-2792194773a1,14962,Ethnic Fusion,sale,true,2026-01-25T18:53:56Z
1ccfb158-1d61-4feb-ae02-0c683e3546b7,cf3a3b82-d41e-47de-8668-6928b2a3ab05,6117,Accessories,sale,true,2025-09-29T11:47:43Z
3e61fdb5-2de2-45a5-9d9c-ac76b055cb2b,cf3a3b82-d41e-47de-8668-6928b2a3ab05,5319,Western,none,false,2025-12-09T06:38:27Z
7260e4ba-b502-4a48-8bfa-ccb201c79795,cf3a3b82-d41e-47de-8668-6928b2a3ab05,7919,Ethnic Fusion,none,false,2026-01-20T00:03:00Z
0d18d844-97c2-4aa0-95fa-9cb5e6a38c97,009e765d-bac8-4c63-b3b2-1c78de835225,10371,Ethnic Fusion,none,false,2026-04-28T10:27:10Z
04623333-fefc-48e9-911c-a364d1c535ca,13274e47-c8f3-4f03-9232-5b086aa3ac9e,5397,Ethnic Fusion,sale,true,2026-04-15T20:52:51Z
e4a6e23e-25e2-4a9c-83da-ab9c948d3365,44d81e87-6e09-4b75-bead-c542ba6eff59,5643,Ethnic Fusion,none,false,2026-04-29T13:06:53Z
77ce9b34-e2e4-47bb-98f7-3d76f6246d22,6e197f1c-fd21-48dc-a800-28bb922f75a9,10864,Ethnic Fusion,clearance,true,2026-05-01T21:39:32Z
ed3a68eb-e4cc-4bd0-99f5-5936407d4e55,415578a6-056e-44aa-8668-a3aaa299e631,11516,Kurta,none,false,2025-05-06T19:53:15Z
f6c44c06-bcbd-4da5-b105-f828e288ff06,415578a6-056e-44aa-8668-a3aaa299e631,2673,Ethnic Fusion,none,false,2026-04-28T13:49:03Z
58cb4b82-d156-4a71-96ce-8ce7baacccce,17f5ea20-624d-4d68-a7b2-ae1467d35bac,9712,Accessories,sale,true,2026-01-16T11:01:52Z
394b7048-7a95-427c-ba2a-439264be083e,17f5ea20-624d-4d68-a7b2-ae1467d35bac,8370,Kurta,sale,true,2026-02-08T21:09:42Z
c4cc2b1f-ef75-410b-aae9-e4020f28f39c,17f5ea20-624d-4d68-a7b2-ae1467d35bac,10048,Western,sale,true,2026-04-18T02:22:58Z
ecc1f270-6c00-45f3-a750-3550a00210c6,ae786252-e127-413f-acda-14ea99a5ce2c,9247,Accessories,sale,true,2026-03-11T12:42:24Z
52ca47aa-cacb-44f1-ad0e-abfd827a51ee,ae786252-e127-413f-acda-14ea99a5ce2c,5184,Ethnic Fusion,festive,true,2026-04-21T04:02:47Z
4c241392-ef08-4b3c-86eb-f45ee2e72371,78cae6aa-97dc-4735-9ab7-299fcc42d6ea,709,Accessories,none,false,2026-02-03T01:09:46Z
6b94f152-a87f-4dc2-8f12-5f27eec2ff27,31c50e88-731d-43f9-8ee8-1312ef2ddb0d,4874,Kurta,none,false,2025-01-23T03:26:12Z
9a88f441-fbdd-4397-9d9e-a494d3d2fb50,31c50e88-731d-43f9-8ee8-1312ef2ddb0d,12791,Western,none,false,2025-01-29T14:23:05Z
03a54796-314b-4ce2-aa04-e48dcfd359d1,b0ad7ab9-765c-49cb-a4d7-0be94503a974,13350,Accessories,none,false,2025-06-22T18:24:50Z
488597f5-7eec-4837-985a-ffa4b9e04f35,b0ad7ab9-765c-49cb-a4d7-0be94503a974,5335,Ethnic Fusion,none,false,2026-02-18T15:01:07Z
ad5bc037-ba00-4d9a-bade-1db7a828f2eb,9cd0ece6-37fa-4b11-84f4-17513baabcf3,14721,Ethnic Fusion,festive,true,2026-02-12T12:45:55Z
f0ca95d7-6b1f-4011-bfe0-8ffa5794b120,9cd0ece6-37fa-4b11-84f4-17513baabcf3,11567,Kurta,none,false,2026-06-02T16:26:08Z
4da6414b-5f77-4c2a-bd63-500d6b7f2c88,ce3028d5-74d3-41b5-8c2c-0f3d669359a5,13350,Accessories,none,false,2025-01-02T19:36:26Z
438e9793-2d53-45e8-9b91-6bb00d7ecd56,ce3028d5-74d3-41b5-8c2c-0f3d669359a5,13555,Ethnic Fusion,none,false,2025-02-01T09:53:48Z
8b27b33a-a1c9-4eb7-b59b-a31025cc6cb3,5c55835c-6c54-4481-a5c9-77e0def149cb,12684,Ethnic Fusion,sale,true,2025-05-26T23:11:21Z
fad40bf7-a327-49bc-8bd4-128ad750d20f,5c55835c-6c54-4481-a5c9-77e0def149cb,4617,Kurta,sale,true,2025-11-01T14:35:26Z
7d291fa8-00ae-432a-b1c6-751017ad02fb,5c55835c-6c54-4481-a5c9-77e0def149cb,3827,Western,clearance,true,2025-12-11T11:45:40Z
bb587749-fe26-46ed-8d3f-5197f2242c88,5c55835c-6c54-4481-a5c9-77e0def149cb,10667,Western,none,false,2026-01-19T09:49:52Z
247a34d1-f9f6-4d6b-9e33-7a5f84df5b59,70d67360-b7f6-4adb-876a-23be17c45f73,12871,Ethnic Fusion,sale,true,2026-03-09T10:04:09Z
d5f688a9-6068-4f1c-b3b0-758ebdaaf38b,70d67360-b7f6-4adb-876a-23be17c45f73,10140,Accessories,sale,true,2026-04-14T15:42:50Z
d104e61e-cc3a-4473-ae93-f167230e35b5,0cb1d0e1-4a1c-4dbf-809e-b20e45174995,13216,Western,sale,true,2026-04-12T13:58:13Z
a604ea36-2437-45b5-af31-49ed302dff30,d72d51ad-40d3-4817-85f0-9997d554fd72,1165,Western,clearance,true,2025-07-27T09:25:39Z
5a2648b1-376a-491c-b575-74fc55abae92,d72d51ad-40d3-4817-85f0-9997d554fd72,7520,Accessories,sale,true,2025-10-13T14:14:20Z
4fc444b7-4710-4675-b153-f121d2f4228a,d72d51ad-40d3-4817-85f0-9997d554fd72,5072,Kurta,none,false,2026-03-28T01:22:05Z
3f88e4e2-e51d-427d-b24d-935e7c002bd1,fb805aa4-8fc1-4182-8fdf-f47695b1f38e,5785,Kurta,none,false,2025-12-19T16:37:21Z
00df43cf-f7fe-4b0f-8f28-878a302c79bf,fb805aa4-8fc1-4182-8fdf-f47695b1f38e,10279,Ethnic Fusion,clearance,true,2026-02-09T19:12:22Z
cb2adb4f-8241-4a7a-857a-570d06d9597a,fb805aa4-8fc1-4182-8fdf-f47695b1f38e,1333,Kurta,none,false,2026-05-30T04:20:55Z
d76f6ee1-66a5-44a8-9d73-7557a809f17e,9188357b-69b2-4665-a593-4791b10ce7f0,1694,Western,sale,true,2026-02-27T05:44:23Z
2a3dc850-4e02-4f47-8fa0-8641bc8a552c,9188357b-69b2-4665-a593-4791b10ce7f0,13345,Ethnic Fusion,none,false,2026-04-15T21:31:31Z
5589c523-16e1-4e1c-8bc4-086f910606e4,54920fb8-94c7-4a13-a875-4fb6e32d3ee7,3512,Ethnic Fusion,none,false,2026-04-27T17:44:17Z
e806ae9d-7cf2-44c5-b82e-438cba1f8675,36c03d8d-9065-4a07-b1fb-762af251159c,2006,Kurta,none,false,2026-03-06T01:33:01Z
3b07d97c-1bce-4be0-b1ea-b716052a788d,36c03d8d-9065-4a07-b1fb-762af251159c,6224,Western,none,false,2026-04-27T01:54:02Z
d10b0c47-3e6d-4c36-ab09-1d925a348047,41c9ed61-4618-49a9-9113-f333f300e33a,5937,Kurta,none,false,2026-02-11T13:22:15Z
b666ca11-6df5-491b-a751-545fe5e691c0,588594fa-f384-479b-a45a-aa7c71dd8c11,9696,Western,sale,true,2026-02-11T11:04:51Z
6f80fc2b-344c-4cfd-97a5-a665c34936d3,588594fa-f384-479b-a45a-aa7c71dd8c11,13995,Kurta,none,false,2026-05-28T08:01:50Z
91232969-3869-4edf-bd9d-2648762d550a,4b46b1ce-c8da-4543-ad15-94500eb04636,2379,Ethnic Fusion,sale,true,2026-04-26T20:27:47Z
a7380101-6902-48b6-9d6e-a5bd2f6c4e17,a078b1a8-0dd3-4c78-bed6-297e6bf18c88,11022,Ethnic Fusion,none,false,2026-05-18T16:18:03Z
d8230a1c-7163-4c96-99c1-b960063604d1,f5f8702a-91af-4f12-90c6-fd9d00a210aa,13653,Ethnic Fusion,none,false,2025-07-11T02:53:04Z
c040da77-ba6d-4620-874c-98554cd94a57,f5f8702a-91af-4f12-90c6-fd9d00a210aa,8835,Kurta,none,false,2025-09-28T07:50:07Z
c6ea93c8-70a5-4463-856d-72e38868a207,f5f8702a-91af-4f12-90c6-fd9d00a210aa,7800,Accessories,festive,true,2026-02-18T23:18:37Z
4d3214e3-e2e4-48df-aee1-baa094928717,f5f8702a-91af-4f12-90c6-fd9d00a210aa,8475,Accessories,festive,true,2026-02-21T20:34:07Z
e82d51b9-d1e7-4400-bb34-ca3ba3e06ab3,f5f8702a-91af-4f12-90c6-fd9d00a210aa,1218,Western,none,false,2026-03-05T03:25:18Z
ca5784b1-f9b8-41cf-9215-050a941411a3,b3e15e4d-2819-4ffe-88d9-5803f56e938d,10813,Accessories,none,false,2025-11-09T17:05:22Z
779fb8d3-ed69-4d61-82aa-61ace0b8bc01,b3e15e4d-2819-4ffe-88d9-5803f56e938d,13174,Kurta,sale,true,2025-11-29T21:23:57Z
71c3eca1-3145-4496-9bfe-b14d769d7a94,b3e15e4d-2819-4ffe-88d9-5803f56e938d,3992,Kurta,none,false,2026-01-16T07:01:34Z
b37c3d02-0d66-4ea7-a352-c945392a5f72,055ab8ea-2277-4144-87cc-e5084a5dd262,1681,Kurta,sale,true,2025-11-16T21:05:23Z
b3afae29-d296-4091-baae-4ede15c0812e,055ab8ea-2277-4144-87cc-e5084a5dd262,12737,Ethnic Fusion,none,false,2026-03-21T06:20:25Z
cecf6a3b-2f91-4df9-baa5-2c3b0cdbd827,055ab8ea-2277-4144-87cc-e5084a5dd262,11740,Accessories,festive,true,2026-05-27T02:37:55Z
072b4486-0173-468e-b891-84d523faf22a,7f8a615a-5e02-40ef-a3cf-526c9db93862,3416,Kurta,none,false,2025-03-07T20:09:12Z
792e0886-1a30-4055-83bb-971247d9ed48,7f8a615a-5e02-40ef-a3cf-526c9db93862,13512,Ethnic Fusion,none,false,2026-05-09T02:23:35Z
2baf0c6a-2261-47fd-b019-6f78eae9666e,3400dfc7-f33e-4abb-8422-d031002078b0,9262,Western,sale,true,2025-07-04T11:04:00Z
e003ee75-d32c-4ece-a74b-6ce634c4e021,3400dfc7-f33e-4abb-8422-d031002078b0,596,Kurta,none,false,2025-09-12T22:27:05Z
416622a8-9ff7-46a3-8eba-0e79b75b83b6,3400dfc7-f33e-4abb-8422-d031002078b0,11009,Kurta,none,false,2026-01-09T20:13:14Z
fd8c5ad3-e477-4d39-a684-68f9266b4c95,3400dfc7-f33e-4abb-8422-d031002078b0,12301,Western,sale,true,2026-04-27T06:02:23Z
fa179cf6-de5c-430b-a168-1678f42d7e46,3c020ed6-3577-4b48-989b-7485886a224a,1917,Ethnic Fusion,none,false,2025-10-09T06:49:27Z
93aaac7f-6e8b-4932-af31-42b7a7b509e3,3c020ed6-3577-4b48-989b-7485886a224a,5112,Kurta,sale,true,2025-10-16T03:59:36Z
9af2c850-fa52-4a4a-b864-cbdbbf72cc45,3c020ed6-3577-4b48-989b-7485886a224a,13038,Accessories,none,false,2026-04-22T16:52:50Z
37fdc534-330f-403c-8e7b-c94a8eaa9a6b,25b6104d-cef3-42bf-8127-b1192d24d54a,13525,Kurta,festive,true,2026-01-12T01:55:26Z
9c675ea0-f7cb-49fb-b662-fa138b668f95,25b6104d-cef3-42bf-8127-b1192d24d54a,14707,Kurta,none,false,2026-01-17T09:36:51Z
0439b994-97f2-4705-a9a1-560a2c5ea295,25b6104d-cef3-42bf-8127-b1192d24d54a,12449,Kurta,sale,true,2026-02-02T22:19:45Z
d5f76499-538b-4547-a9d8-77ce3e69fd26,25b6104d-cef3-42bf-8127-b1192d24d54a,11115,Ethnic Fusion,none,false,2026-04-30T13:16:41Z
fd059102-e6f1-494b-adec-969b285933e5,25b6104d-cef3-42bf-8127-b1192d24d54a,6613,Ethnic Fusion,festive,true,2026-06-09T15:43:52Z
dc40208e-78ea-42ce-bf89-dbdfccaec562,d5013e49-c1ae-426a-bf4d-79925c26ba63,3969,Kurta,none,false,2025-10-17T13:09:56Z
fd9be093-dbd8-4b79-92ef-af66938bd84b,d5013e49-c1ae-426a-bf4d-79925c26ba63,7260,Western,none,false,2025-11-30T01:52:23Z
3a796ce9-7bf2-476e-8aff-718fb591601d,d5013e49-c1ae-426a-bf4d-79925c26ba63,11082,Western,sale,true,2025-12-07T02:56:17Z
8152a59a-e033-4d3a-9150-6b1ded37f1e4,d5013e49-c1ae-426a-bf4d-79925c26ba63,14450,Western,sale,true,2026-05-05T01:45:01Z
7868660c-6e38-4cf0-93de-e5b515151258,9c79ecc9-8782-4f11-ae9d-8f3e1e71a848,3471,Accessories,festive,true,2024-12-08T06:14:52Z
b262fcf5-b0d3-4d15-88ea-236ca3b2bad9,9c79ecc9-8782-4f11-ae9d-8f3e1e71a848,11493,Kurta,none,false,2025-06-08T05:13:40Z
45647fb0-af0d-457f-bcc4-5a9168d98dcb,5ff7fc85-154d-4260-996f-8cfcbc2a10df,9492,Western,sale,true,2025-06-10T20:00:09Z
980cc857-9e0c-44c1-ace5-ade3d6d46aed,5ff7fc85-154d-4260-996f-8cfcbc2a10df,8057,Kurta,clearance,true,2025-07-05T00:29:13Z
d1f4324f-3e31-4107-a0c6-887a4b3ff8de,331e684b-1bc8-464c-95ed-3201e9719783,11504,Ethnic Fusion,none,false,2026-04-20T17:42:17Z
a16d3588-34c7-4507-b20e-cec828c2a4b1,fb0e9875-7b3f-47a7-a00b-18db0a4b75aa,2139,Kurta,none,false,2024-11-25T03:44:08Z
4a9ad66e-3136-4652-b560-0318668456f7,fb0e9875-7b3f-47a7-a00b-18db0a4b75aa,5171,Ethnic Fusion,none,false,2024-12-30T18:05:29Z
c148b493-ca58-4a67-83c2-f3d62805d90f,fb0e9875-7b3f-47a7-a00b-18db0a4b75aa,10650,Western,sale,true,2025-04-07T17:04:51Z
7a807cb3-a2b4-4e90-8773-808de9135948,45db48e2-aafd-49cf-b7c6-f4ce4dce2c65,8460,Kurta,none,false,2026-05-28T18:31:21Z
0ae9930e-3a62-4a8d-9a02-a13f14d4d4cd,3d93c84b-855f-46e1-bf75-250c68b0d23f,5508,Western,sale,true,2026-01-28T02:34:01Z
8c09c8f2-83ef-4ace-8d84-4eb293f00ae5,bd236d74-3457-407b-b494-be258d3aadfa,5631,Ethnic Fusion,clearance,true,2025-07-23T10:37:26Z
cc2f693b-eb5a-4ddb-9001-39332587fc93,bd236d74-3457-407b-b494-be258d3aadfa,4533,Western,none,false,2026-04-23T09:43:31Z
3903e025-21aa-4370-bf62-c0c6bdb9c108,2e9addf5-eedc-4439-8d50-eb490e82db8d,10999,Ethnic Fusion,sale,true,2025-02-13T17:26:18Z
d3ac626b-2c9c-49ff-ae82-9b05e4046847,92d47381-ff73-42cf-b008-9ca5f06d915c,2700,Western,festive,true,2026-04-14T17:50:34Z
7bfb05a2-7b5c-4ebc-83d9-8b77d066d6f4,108c2875-148a-4472-96f8-4686bd16ac30,14291,Western,none,false,2025-10-14T15:58:17Z
a5f3b00e-02d5-4834-b4ec-cb35fdef156c,108c2875-148a-4472-96f8-4686bd16ac30,5097,Western,none,false,2026-02-06T22:10:50Z
463d22d1-d369-4696-b10a-07a46b13ce42,108c2875-148a-4472-96f8-4686bd16ac30,14569,Kurta,sale,true,2026-06-04T13:34:26Z
65c21f93-7588-4c2b-b4f2-e1496225f704,d34b46d2-319c-48fb-ae5d-d3f70fe994d3,12418,Accessories,sale,true,2025-11-14T21:14:54Z
54132d6f-8eea-49c1-874f-a1f8795adc64,d34b46d2-319c-48fb-ae5d-d3f70fe994d3,1735,Kurta,sale,true,2026-05-04T14:35:53Z
ad9e594f-43e4-40d1-9631-e8c97d3307a4,da5f3ccf-b452-4f44-8689-f408402ff6bd,10848,Accessories,festive,true,2026-01-20T06:08:01Z
da8f58b4-bbcb-4c96-bcaf-62ec919c2434,f42414b9-9d0f-4670-82ee-1d2f9bc2a980,1100,Ethnic Fusion,sale,true,2025-08-07T00:47:05Z
63084f40-9411-4cdb-a48e-61216149521a,f42414b9-9d0f-4670-82ee-1d2f9bc2a980,9537,Western,none,false,2026-03-19T11:57:52Z
e24075e9-357e-494c-976e-4213002e3705,e60cc942-99c6-4f39-aca5-22e931a158a2,6493,Western,none,false,2025-09-06T09:25:54Z
629d294c-290c-4c8e-ad45-6675ad2a29df,e60cc942-99c6-4f39-aca5-22e931a158a2,6930,Accessories,sale,true,2026-04-24T08:15:44Z
3fbe868b-597e-4eea-9e78-6b63bd0b3dce,a7ab1714-6ad8-4858-a521-c9ccb1eaf260,11709,Kurta,none,false,2025-02-26T19:30:33Z
e706532f-eeb4-4a40-80f9-71249d9956fe,a7ab1714-6ad8-4858-a521-c9ccb1eaf260,3217,Western,none,false,2025-04-20T09:23:21Z
2a1596ab-5680-48bf-884d-dd60ef639ffb,a7ab1714-6ad8-4858-a521-c9ccb1eaf260,12906,Kurta,clearance,true,2025-12-08T07:43:34Z
c722bd14-a8c3-4028-93d1-0eb2eff2c4a2,a7ab1714-6ad8-4858-a521-c9ccb1eaf260,8923,Western,clearance,true,2025-12-14T13:50:26Z
51884aa5-31e8-442f-bba8-1893716793cc,79b4daf5-397e-4a1a-8dd6-056d690eeef5,6378,Kurta,festive,true,2025-05-07T13:03:10Z
ab552cac-54fe-4df5-b4dd-213b2220a592,79b4daf5-397e-4a1a-8dd6-056d690eeef5,1162,Western,none,false,2025-09-03T07:46:45Z
d046a2ba-3512-45a1-a66f-2ba8f73648b5,79b4daf5-397e-4a1a-8dd6-056d690eeef5,4085,Western,sale,true,2025-10-16T19:24:14Z
21d1e2eb-3133-4a5d-b823-d50099d6ecf6,49e1b3fe-34f5-4cd7-b250-5977ef3880a0,4831,Ethnic Fusion,none,false,2026-01-24T23:52:25Z
4f312ca8-d956-43f4-88b4-4ae5f5826f62,d09fedf1-dcc0-48ca-b857-02033fb07612,6858,Kurta,none,false,2026-01-13T04:59:40Z
a2d8ff38-11b6-4318-9eb9-cdb1f748dd15,d09fedf1-dcc0-48ca-b857-02033fb07612,8195,Ethnic Fusion,sale,true,2026-05-07T15:27:52Z
8729d39b-c079-431b-8579-3ef77b7a4416,9215912b-9327-49d7-9ed2-6846eef127bd,14188,Kurta,none,false,2025-09-07T22:48:02Z
c1a082c7-0993-4f3f-9145-39883ed4d22a,9215912b-9327-49d7-9ed2-6846eef127bd,1775,Accessories,none,false,2025-09-09T05:14:44Z
2511d1c6-1cb8-451a-bad5-bbaa09a04fa2,9215912b-9327-49d7-9ed2-6846eef127bd,8965,Ethnic Fusion,none,false,2025-11-02T03:06:44Z
5f6a503c-cbc1-47a1-ae4a-3456d88556d4,9215912b-9327-49d7-9ed2-6846eef127bd,4621,Kurta,none,false,2025-11-27T11:37:24Z
e20e2b1a-ab5c-4f47-9f52-37893bc92bc2,9215912b-9327-49d7-9ed2-6846eef127bd,6665,Ethnic Fusion,none,false,2025-12-23T06:02:04Z
35e1b048-51b2-41bc-9d39-02cc2a3ecbca,5b20670d-4d78-48bd-9704-3633aed7d082,1763,Western,sale,true,2024-06-18T16:07:38Z
aaa1dfac-fb70-4f13-83da-4bc47d3bbf2e,5b20670d-4d78-48bd-9704-3633aed7d082,8930,Accessories,none,false,2024-11-07T18:25:52Z
2e378e6e-5c77-4043-9d42-d91bca0416d5,5b20670d-4d78-48bd-9704-3633aed7d082,11042,Western,none,false,2025-02-01T14:51:06Z
e5ba898a-2b35-4c90-bd16-f9b397e1af04,5b20670d-4d78-48bd-9704-3633aed7d082,5100,Western,none,false,2025-03-25T06:41:46Z
9a918543-f19b-49e2-9d7a-6fcd84790a9f,3081725a-7634-4fa4-87b8-8989fe3bdd98,12300,Kurta,none,false,2025-04-19T09:34:16Z
6019afb0-c784-4025-b6e3-18dec6c174f5,3081725a-7634-4fa4-87b8-8989fe3bdd98,2356,Western,none,false,2025-06-05T23:51:05Z
25507d0a-2006-4cc5-97a2-fef44eba5e6b,3081725a-7634-4fa4-87b8-8989fe3bdd98,8389,Ethnic Fusion,festive,true,2026-03-12T03:15:58Z
c79c469d-c761-4f0d-9151-1ee62bb8f4d7,195d755b-a009-448f-bff7-b240528257d1,867,Western,none,false,2026-03-10T09:12:25Z
a0060f20-c487-4944-809e-588d60cfbcf2,195d755b-a009-448f-bff7-b240528257d1,4492,Kurta,festive,true,2026-03-13T17:23:39Z
e915bca0-3dc3-4a09-8f60-43661d9d32b4,d5bac6e6-7515-4f78-92ab-35c803e96e7b,7142,Western,none,false,2025-07-29T20:11:30Z
3a5a1f5f-c4bf-4a3f-a55f-17215f4aeae7,d5bac6e6-7515-4f78-92ab-35c803e96e7b,10319,Kurta,none,false,2025-08-31T18:01:59Z
8571b53e-e673-49cf-aac4-b51e7afbc275,d5bac6e6-7515-4f78-92ab-35c803e96e7b,9734,Western,clearance,true,2026-02-20T19:20:21Z
9bdb61b5-50ef-42f4-b624-b485977b2509,d5bac6e6-7515-4f78-92ab-35c803e96e7b,10946,Accessories,none,false,2026-05-09T15:11:42Z
298afa46-2683-44bd-a556-ecef18fe79f0,ce48d439-b362-48ee-9145-34b8deb76b04,11342,Kurta,sale,true,2026-05-03T23:38:07Z
f25fb6c6-85e3-4097-8c45-8e8932bd531c,c72a94c3-46c1-43dc-8815-cea9c4830357,4048,Ethnic Fusion,clearance,true,2026-06-02T05:11:20Z
20a41578-5ca0-40cc-98ff-972071650fa8,ac04b44b-2455-4afd-bc09-64f5ed6c7050,3479,Accessories,sale,true,2026-03-20T16:12:10Z
855d650a-d9f9-4d78-abe9-cbdaebe4f437,ac04b44b-2455-4afd-bc09-64f5ed6c7050,10710,Kurta,sale,true,2026-04-06T22:13:44Z
2e4b32ac-79c5-4e12-a562-7a6710775b70,ac04b44b-2455-4afd-bc09-64f5ed6c7050,11307,Ethnic Fusion,festive,true,2026-06-03T03:31:37Z
e77f2fb0-b840-4bd7-96e9-177f6f4c8628,f91e8537-9fca-4b70-adf7-130149151a9f,2278,Ethnic Fusion,none,false,2026-01-23T06:13:24Z
3fbfc034-a3ee-4555-8096-72c6fbc1cdf5,f91e8537-9fca-4b70-adf7-130149151a9f,771,Kurta,none,false,2026-03-01T20:27:19Z
f1bbed01-4db3-427b-bd05-3a5f836e477d,f91e8537-9fca-4b70-adf7-130149151a9f,3815,Western,none,false,2026-06-04T13:02:08Z
8aa4bb20-8ae8-4da9-ae11-7ce0c39499ff,098820fa-bd6b-4ef5-aa16-b1bb6f478629,8746,Western,none,false,2025-09-02T20:49:31Z
c90d41ba-f80b-4f93-b6ec-1739af24ae8c,098820fa-bd6b-4ef5-aa16-b1bb6f478629,12827,Western,sale,true,2026-01-11T16:46:39Z
9076e449-ef50-4744-90b8-7c8be0e91298,098820fa-bd6b-4ef5-aa16-b1bb6f478629,2425,Kurta,none,false,2026-01-31T00:27:30Z
88641145-ff5d-4f77-ab56-ee86747a4cc8,098820fa-bd6b-4ef5-aa16-b1bb6f478629,2026,Kurta,sale,true,2026-02-01T19:55:12Z
65a77ffd-9890-4907-9b77-7ad670d9fd20,955788e1-b352-4d64-b42b-16ba71adc05c,9053,Kurta,festive,true,2025-12-18T21:30:10Z
63fdd112-1863-4655-bc26-30d2dee80fb1,955788e1-b352-4d64-b42b-16ba71adc05c,7392,Ethnic Fusion,sale,true,2026-01-22T07:05:22Z
4f439a49-f2b0-40ee-b143-34e92de64355,955788e1-b352-4d64-b42b-16ba71adc05c,6568,Ethnic Fusion,sale,true,2026-02-05T08:21:52Z
cddf00a3-2899-4f0a-abc2-a11e2bdde7af,9cc5af53-49ea-4733-82ba-92d1269caa92,4670,Western,festive,true,2025-06-25T17:20:11Z
ee6fa5ec-e0c0-489f-82e0-4239fc7802f4,9cc5af53-49ea-4733-82ba-92d1269caa92,8317,Accessories,festive,true,2025-12-31T14:42:37Z
f8f5e4b6-0e86-404a-8d78-216d74f1fd87,9cc5af53-49ea-4733-82ba-92d1269caa92,13047,Western,festive,true,2026-03-06T18:57:53Z
318455e3-ba38-4c95-970e-d79401a2de8c,9cc5af53-49ea-4733-82ba-92d1269caa92,4309,Ethnic Fusion,none,false,2026-05-14T14:24:57Z
109fe579-3f14-4971-951d-cd82874b01b8,9cc5af53-49ea-4733-82ba-92d1269caa92,14574,Western,none,false,2026-06-05T00:35:47Z
64b9916f-e292-4487-8bd0-108ae04fdfc5,cde6a094-24df-45d8-8d23-56d06cfcfccb,9061,Western,none,false,2025-08-16T00:46:21Z
c3125a5a-ad3c-4516-b300-706fbecff669,cde6a094-24df-45d8-8d23-56d06cfcfccb,2430,Western,sale,true,2025-11-01T11:46:22Z
9f932f2d-2756-4df1-93f0-5388c45fa69a,cde6a094-24df-45d8-8d23-56d06cfcfccb,9015,Kurta,none,false,2026-02-04T19:43:00Z
2719287b-5c98-4834-9b33-5eabb641a830,e4e987ce-3035-43db-b6e5-c81ed7ca6518,2246,Western,festive,true,2024-03-01T07:36:32Z
64e984e3-8469-4539-9d9f-f9abdbad0463,e4e987ce-3035-43db-b6e5-c81ed7ca6518,3035,Kurta,none,false,2025-01-17T14:11:49Z
bd64fb99-8461-4814-8d56-04e9866379a4,9c93c1b8-45e5-4c6a-b4a3-25dd4a500f57,7011,Western,none,false,2025-12-04T09:36:59Z
2eda585f-3ea9-4e55-bea5-3dd6286b3068,9c93c1b8-45e5-4c6a-b4a3-25dd4a500f57,12869,Kurta,sale,true,2026-03-01T23:28:09Z
3bdf4467-9383-4e2a-9605-fc7d694199d7,9c93c1b8-45e5-4c6a-b4a3-25dd4a500f57,3837,Western,clearance,true,2026-05-23T21:12:17Z
4ed5272f-1e9b-44e4-b120-72db0f655905,e63894b3-6cc6-4085-a3ce-5ae31e644181,14508,Western,none,false,2024-12-10T17:42:34Z
9f3075dc-13a1-4766-b01c-f950483b6023,e63894b3-6cc6-4085-a3ce-5ae31e644181,14652,Western,none,false,2025-02-02T16:08:05Z
b68ea9f2-d0c0-489b-8b25-feea2282dc24,e63894b3-6cc6-4085-a3ce-5ae31e644181,11301,Western,sale,true,2025-02-04T19:00:16Z
7f922445-2c34-4cc6-b3c5-1a40fbcfc4b5,e63894b3-6cc6-4085-a3ce-5ae31e644181,2451,Kurta,sale,true,2025-04-27T22:19:33Z
b0e065b6-16cb-4682-8449-a9bd14ccf203,ae2f8a20-c16b-4838-86e1-5f612d816677,2881,Kurta,sale,true,2025-04-27T04:43:41Z
ff6ecb02-85c0-4cd9-8a5f-d80dfc784bcd,ae2f8a20-c16b-4838-86e1-5f612d816677,8227,Western,none,false,2025-06-13T23:28:43Z
6155010a-9f17-4e88-a1a3-b2d68058f7a1,ae2f8a20-c16b-4838-86e1-5f612d816677,10334,Kurta,clearance,true,2025-08-05T18:38:48Z
0456993d-01ed-46d8-954c-ac7ed3f3aea3,ae2f8a20-c16b-4838-86e1-5f612d816677,7633,Western,none,false,2026-01-21T04:31:51Z
b25ec79a-a8e2-4da3-b910-7c59ec24ef8d,ae2f8a20-c16b-4838-86e1-5f612d816677,1944,Ethnic Fusion,none,false,2026-06-07T17:19:22Z
cd5d2506-0d44-4b8a-8516-dc56ceda87e2,fbd4c7c5-7adc-4077-b5af-dcee2544a3a9,5193,Ethnic Fusion,clearance,true,2025-04-04T03:27:02Z
a1596a9f-93a4-4ae7-92f8-2fe0af0aeb0d,fbd4c7c5-7adc-4077-b5af-dcee2544a3a9,12158,Kurta,none,false,2025-09-05T17:17:41Z
562b5c17-eb46-49be-899a-e9779b0cf90d,fbd4c7c5-7adc-4077-b5af-dcee2544a3a9,10288,Kurta,sale,true,2026-04-19T05:13:02Z
8e9aa443-eac9-436e-92ac-00fada130b8c,488892d8-e203-4405-97db-545fff9e7aae,1050,Ethnic Fusion,sale,true,2025-09-08T13:19:42Z
2172b2b2-e0f6-45e8-ae96-01db13b11549,488892d8-e203-4405-97db-545fff9e7aae,13344,Western,festive,true,2025-10-24T07:22:46Z
ed954f41-0cad-4f01-8482-9a73cd8c4deb,488892d8-e203-4405-97db-545fff9e7aae,10322,Kurta,none,false,2026-04-23T17:26:20Z
f9513ee3-9689-46de-a60e-43ed47e3da53,d9cc84d9-0e33-41ce-9a44-bb1dc0d58044,5020,Western,none,false,2025-10-19T09:03:08Z
5d6b70c7-9697-47a2-ba40-e798a7aca494,d9cc84d9-0e33-41ce-9a44-bb1dc0d58044,13274,Ethnic Fusion,none,false,2025-10-21T10:07:58Z
efa0e04c-637e-410a-959d-31bcae4dcec7,d9cc84d9-0e33-41ce-9a44-bb1dc0d58044,7044,Ethnic Fusion,none,false,2026-04-19T22:01:51Z
e30997c3-5523-4b70-9dcf-855749cbc184,88db1d96-637f-4b47-be1c-fcc694f076db,12028,Ethnic Fusion,none,false,2024-10-16T19:44:33Z
8c385fca-0b41-499d-a522-cbf6380c1222,88db1d96-637f-4b47-be1c-fcc694f076db,1624,Western,none,false,2025-01-12T10:39:22Z
86222287-409a-4e43-8910-5606fba39c9e,4df41003-c3a7-4476-a92f-20c466d7be85,12397,Accessories,none,false,2026-06-01T06:53:15Z
124f2a6d-e4b5-448e-bc46-e9805d0bf664,02872aea-80c6-4fd1-9331-b404529e861a,10434,Ethnic Fusion,clearance,true,2026-05-14T20:37:49Z
2d208bbf-f5b5-4eeb-acbd-21066a93f7c3,02872aea-80c6-4fd1-9331-b404529e861a,3687,Western,none,false,2026-06-07T20:11:16Z
e23b5686-3f63-4d97-bcaa-3942a291501f,72779db1-c107-4378-8266-54ac02d0c88a,4722,Kurta,none,false,2025-08-31T08:39:34Z
966c6e70-e9b9-47a2-ae06-2fb8f56fd823,72779db1-c107-4378-8266-54ac02d0c88a,14854,Kurta,none,false,2025-10-09T19:41:15Z
bc976edf-5655-43fe-a168-5dd4f08ea1a1,72779db1-c107-4378-8266-54ac02d0c88a,9313,Western,none,false,2026-01-11T03:24:12Z
4f027ea9-848c-4273-9af7-186990f82db8,72779db1-c107-4378-8266-54ac02d0c88a,13822,Western,none,false,2026-03-04T05:38:54Z
